date,product,category,region,quantity,unit_price,revenue,customer_id,returned
2024-01-13,Phone,Mobile,South,9,699,5942.74,CUST-2679,False
2024-10-29,Phone,Mobile,North,14,699,8865.72,CUST-4582,False
2024-10-14,Laptop,Computing,West,7,999,6602.01,CUST-5557,False
2024-03-22,Laptop,Computing,East,14,999,13364.66,CUST-4527,False
2024-02-22,Mouse,Accessories,West,3,49,135.14,CUST-6635,False
2024-08-23,Laptop,Computing,North,18,999,19683.51,CUST-7201,False
2024-11-17,Keyboard,Accessories,East,20,89,1807.54,CUST-2139,True
2024-05-28,Monitor,Computing,South,3,379,1220.34,CUST-7227,False
2024-03-24,Mouse,Accessories,East,12,49,553.84,CUST-5374,False
2024-11-07,Phone,Mobile,South,6,699,3911.66,CUST-7216,False
2024-12-16,Monitor,Computing,North,11,379,3943.08,CUST-1525,False
2024-05-17,Headphones,Audio,South,3,199,646.33,CUST-6155,False
2024-07-21,Webcam,Accessories,South,15,129,1844.01,CUST-5040,False
2024-10-26,Keyboard,Accessories,West,14,89,1211.61,CUST-3266,False
2024-01-25,Phone,Mobile,South,4,699,2867.27,CUST-7916,False
2024-07-14,Headphones,Audio,West,20,199,4003.18,CUST-1188,False
2024-12-15,Phone,Mobile,East,18,699,13257.9,CUST-6573,False
2024-03-21,Headphones,Audio,North,15,199,3255.93,CUST-5315,False
2024-09-16,Tablet,Mobile,East,4,449,1918.73,CUST-9317,False
2024-07-10,Tablet,Mobile,North,6,449,2747.31,CUST-9005,True
2024-06-06,Mouse,Accessories,North,8,49,371.68,CUST-2290,False
2024-02-05,Webcam,Accessories,South,18,129,2149.42,CUST-8787,False
2024-05-15,Tablet,Mobile,West,17,449,8341.9,CUST-9835,False
2024-06-08,Monitor,Computing,East,13,379,4866.0,CUST-9479,False
2024-04-25,Monitor,Computing,East,3,379,1028.08,CUST-4770,False
2024-02-06,Laptop,Computing,South,2,999,1825.13,CUST-1514,False
2024-09-20,Phone,Mobile,East,8,699,5780.98,CUST-4510,False
2024-05-04,Webcam,Accessories,West,16,129,1936.2,CUST-2588,False
2024-08-04,Mouse,Accessories,West,14,49,735.92,CUST-1887,False
2024-02-01,Phone,Mobile,East,13,699,9633.3,CUST-2790,False
2024-10-01,Monitor,Computing,South,15,379,5596.18,CUST-5563,False
2024-08-14,Phone,Mobile,North,18,699,11451.1,CUST-9856,False
2024-05-01,Phone,Mobile,West,6,699,4181.96,CUST-4502,False
2024-03-25,Laptop,Computing,North,13,999,14247.54,CUST-5345,False
2024-05-26,Webcam,Accessories,West,14,129,1681.31,CUST-5861,False
2024-10-23,Laptop,Computing,North,18,999,18873.82,CUST-1936,False
2024-09-14,Webcam,Accessories,South,17,129,1998.65,CUST-9320,False
2024-02-05,Tablet,Mobile,North,20,449,9294.68,CUST-4853,False
2024-10-23,Monitor,Computing,North,20,379,7760.98,CUST-7868,False
2024-05-13,Mouse,Accessories,East,7,49,325.07,CUST-7484,False
2024-08-22,Keyboard,Accessories,North,11,89,882.92,CUST-2638,False
2024-09-16,Monitor,Computing,South,9,379,3706.57,CUST-2127,False
2024-05-25,Mouse,Accessories,West,6,49,313.62,CUST-5956,False
2024-12-07,Laptop,Computing,East,18,999,19534.77,CUST-2697,False
2024-05-15,Tablet,Mobile,North,4,449,1883.08,CUST-3546,False
2024-06-24,Monitor,Computing,East,7,379,2655.87,CUST-5114,False
2024-02-17,Laptop,Computing,East,14,999,12710.72,CUST-6464,False
2024-03-23,Keyboard,Accessories,West,15,89,1351.26,CUST-2832,False
2024-10-06,Tablet,Mobile,East,2,449,912.82,CUST-3426,False
2024-06-06,Laptop,Computing,North,12,999,12944.46,CUST-4441,False
2024-06-30,Phone,Mobile,West,18,699,13774.36,CUST-3532,False
2024-03-24,Monitor,Computing,West,6,379,2057.87,CUST-6442,False
2024-12-08,Headphones,Audio,East,8,199,1483.49,CUST-2771,False
2024-08-28,Laptop,Computing,South,8,999,8498.03,CUST-8541,False
2024-04-24,Monitor,Computing,South,1,379,371.3,CUST-5564,False
2024-06-28,Keyboard,Accessories,West,17,89,1567.32,CUST-9785,False
2024-02-29,Laptop,Computing,South,9,999,9135.92,CUST-5349,True
2024-06-25,Headphones,Audio,West,11,199,2235.5,CUST-9379,False
2024-05-10,Monitor,Computing,West,2,379,682.46,CUST-9821,False
2024-07-05,Monitor,Computing,North,14,379,5782.35,CUST-6409,False
2024-06-02,Phone,Mobile,East,17,699,12279.64,CUST-6344,False
2024-10-10,Keyboard,Accessories,South,5,89,437.92,CUST-7211,False
2024-11-11,Tablet,Mobile,East,19,449,8370.75,CUST-1006,False
2024-08-08,Monitor,Computing,East,19,379,7150.58,CUST-8244,False
2024-03-27,Webcam,Accessories,East,3,129,388.2,CUST-6491,False
2024-12-10,Monitor,Computing,South,10,379,4022.37,CUST-3414,True
2024-08-31,Monitor,Computing,North,20,379,7512.41,CUST-4185,False
2024-09-10,Headphones,Audio,South,13,199,2404.65,CUST-1090,False
2024-08-05,Phone,Mobile,South,8,699,5932.12,CUST-9486,False
2024-03-03,Monitor,Computing,South,15,379,6027.71,CUST-9702,False
2024-08-14,Mouse,Accessories,West,20,49,1044.79,CUST-9976,False
2024-08-31,Tablet,Mobile,East,15,449,7074.14,CUST-5543,False
2024-11-16,Webcam,Accessories,East,8,129,1019.59,CUST-5681,False
2024-06-12,Mouse,Accessories,North,18,49,818.21,CUST-4788,False
2024-12-27,Tablet,Mobile,North,7,449,3089.49,CUST-6421,False
2024-02-01,Headphones,Audio,West,7,199,1362.21,CUST-1320,False
2024-09-01,Headphones,Audio,East,1,199,190.98,CUST-7389,False
2024-10-02,Headphones,Audio,South,18,199,3573.57,CUST-5471,False
2024-07-18,Laptop,Computing,West,11,999,11481.71,CUST-8657,False
2024-07-20,Laptop,Computing,North,19,999,17401.58,CUST-8022,False
2024-04-03,Webcam,Accessories,East,2,129,251.76,CUST-4467,False
2024-07-13,Mouse,Accessories,West,9,49,419.15,CUST-2341,False
2024-06-28,Laptop,Computing,North,8,999,8441.52,CUST-1659,False
2024-04-12,Monitor,Computing,South,1,379,359.18,CUST-8758,False
2024-08-26,Monitor,Computing,East,9,379,3184.37,CUST-2876,False
2024-06-08,Tablet,Mobile,North,4,449,1950.06,CUST-7149,False
2024-02-08,Monitor,Computing,South,19,379,6627.66,CUST-5941,False
2024-10-16,Phone,Mobile,East,2,699,1407.16,CUST-7071,False
2024-01-07,Mouse,Accessories,West,14,49,631.88,CUST-6934,False
2024-12-28,Webcam,Accessories,West,5,129,603.22,CUST-9548,False
2024-11-11,Keyboard,Accessories,West,18,89,1590.75,CUST-5397,False
2024-02-14,Monitor,Computing,West,9,379,3236.26,CUST-8613,False
2024-06-21,Headphones,Audio,West,1,199,212.97,CUST-3979,False
2024-05-12,Mouse,Accessories,East,11,49,580.0,CUST-5526,False
2024-02-13,Monitor,Computing,West,8,379,3025.07,CUST-4937,False
2024-08-17,Webcam,Accessories,North,1,129,123.69,CUST-7625,False
2024-12-05,Keyboard,Accessories,East,19,89,1681.96,CUST-9698,False
2024-06-29,Mouse,Accessories,East,15,49,706.57,CUST-4777,False
2024-06-10,Monitor,Computing,South,4,379,1422.48,CUST-8933,False
2024-02-21,Keyboard,Accessories,East,7,89,589.04,CUST-3939,False
2024-05-20,Tablet,Mobile,North,2,449,907.58,CUST-3068,False
2024-02-22,Webcam,Accessories,East,1,129,128.21,CUST-8216,False
2024-05-09,Laptop,Computing,North,16,999,17013.74,CUST-7565,False
2024-03-18,Laptop,Computing,East,5,999,4580.6,CUST-5066,False
2024-11-06,Headphones,Audio,South,20,199,4199.45,CUST-7232,False
2024-06-01,Webcam,Accessories,West,19,129,2355.6,CUST-1986,False
2024-04-16,Phone,Mobile,East,7,699,5049.99,CUST-3573,False
2024-03-21,Phone,Mobile,West,1,699,692.08,CUST-8699,False
2024-05-27,Monitor,Computing,West,10,379,3464.95,CUST-4824,False
2024-08-05,Monitor,Computing,South,4,379,1560.76,CUST-5352,False
2024-01-31,Phone,Mobile,East,6,699,4273.72,CUST-5728,False
2024-12-18,Webcam,Accessories,West,10,129,1404.21,CUST-9199,False
2024-02-11,Webcam,Accessories,North,20,129,2780.94,CUST-6280,False
2024-02-16,Laptop,Computing,North,8,999,8790.52,CUST-5415,False
2024-08-28,Tablet,Mobile,West,17,449,8268.18,CUST-3973,False
2024-11-21,Headphones,Audio,North,16,199,3164.9,CUST-7690,False
2024-03-23,Phone,Mobile,West,11,699,7986.83,CUST-5722,False
2024-10-08,Headphones,Audio,West,2,199,365.21,CUST-5135,False
2024-09-20,Headphones,Audio,West,1,199,195.55,CUST-4073,False
2024-11-16,Webcam,Accessories,North,15,129,1820.28,CUST-9998,False
2024-08-12,Keyboard,Accessories,North,16,89,1289.82,CUST-4920,False
2024-10-09,Keyboard,Accessories,West,1,89,81.76,CUST-2858,False
2024-11-27,Phone,Mobile,West,5,699,3797.42,CUST-5781,False
2024-07-31,Keyboard,Accessories,West,16,89,1351.01,CUST-3369,False
2024-02-05,Tablet,Mobile,West,9,449,3911.59,CUST-9318,False
2024-05-24,Laptop,Computing,West,10,999,10719.79,CUST-8316,False
2024-06-19,Mouse,Accessories,West,18,49,874.12,CUST-6272,False
2024-10-19,Monitor,Computing,South,13,379,5277.82,CUST-7730,True
2024-12-27,Webcam,Accessories,West,13,129,1840.81,CUST-3492,False
2024-03-05,Laptop,Computing,East,17,999,18238.72,CUST-8213,False
2024-01-08,Webcam,Accessories,West,5,129,692.85,CUST-3529,False
2024-06-22,Keyboard,Accessories,West,20,89,1833.34,CUST-6383,False
2024-06-11,Headphones,Audio,North,16,199,3258.8,CUST-4846,False
2024-04-26,Keyboard,Accessories,West,3,89,292.54,CUST-2646,False
2024-01-15,Keyboard,Accessories,East,2,89,188.54,CUST-5806,False
2024-03-15,Headphones,Audio,West,8,199,1612.99,CUST-3950,False
2024-11-08,Phone,Mobile,South,13,699,9082.76,CUST-3344,False
2024-08-23,Keyboard,Accessories,North,9,89,864.91,CUST-8622,False
2024-02-07,Tablet,Mobile,East,15,449,7391.87,CUST-5901,False
2024-12-19,Headphones,Audio,West,9,199,1914.69,CUST-4263,False
2024-02-24,Webcam,Accessories,West,8,129,1046.84,CUST-5847,False
2024-01-12,Keyboard,Accessories,East,13,89,1043.17,CUST-1803,False
2024-05-26,Webcam,Accessories,East,8,129,974.0,CUST-4115,False
2024-11-17,Tablet,Mobile,North,4,449,1727.37,CUST-8222,True
2024-03-08,Mouse,Accessories,East,3,49,141.91,CUST-7807,False
2024-10-03,Tablet,Mobile,East,12,449,5744.12,CUST-5210,False
2024-05-31,Webcam,Accessories,North,11,129,1410.01,CUST-2233,False
2024-12-12,Monitor,Computing,East,13,379,4523.28,CUST-7464,True
2024-08-20,Phone,Mobile,East,12,699,8529.86,CUST-7086,False
2024-08-29,Monitor,Computing,East,1,379,410.48,CUST-4626,False
2024-12-24,Webcam,Accessories,West,10,129,1191.1,CUST-1742,False
2024-09-09,Keyboard,Accessories,North,4,89,337.12,CUST-9807,False
2024-07-08,Webcam,Accessories,West,18,129,2362.56,CUST-3531,False
2024-09-07,Phone,Mobile,West,20,699,15207.59,CUST-5583,True
2024-04-21,Mouse,Accessories,West,15,49,801.23,CUST-6942,False
2024-10-05,Mouse,Accessories,North,12,49,576.02,CUST-4109,False
2024-02-16,Webcam,Accessories,North,7,129,821.83,CUST-6464,False
2024-10-16,Tablet,Mobile,North,7,449,3350.32,CUST-4394,False
2024-06-17,Monitor,Computing,North,5,379,1810.59,CUST-3370,False
2024-03-30,Keyboard,Accessories,North,4,89,329.78,CUST-6869,False
2024-10-28,Monitor,Computing,North,11,379,3897.39,CUST-1858,False
2024-09-26,Headphones,Audio,North,4,199,792.22,CUST-6931,False
2024-08-19,Phone,Mobile,South,17,699,12941.57,CUST-1710,False
2024-08-22,Keyboard,Accessories,North,1,89,97.87,CUST-7580,False
2024-09-08,Phone,Mobile,North,15,699,11322.26,CUST-6277,False
2024-03-05,Phone,Mobile,East,9,699,6141.15,CUST-9692,False
2024-02-20,Headphones,Audio,South,4,199,784.87,CUST-4743,False
2024-07-23,Webcam,Accessories,North,14,129,1738.29,CUST-6120,False
2024-03-19,Mouse,Accessories,North,16,49,719.9,CUST-2398,False
2024-07-09,Phone,Mobile,North,5,699,3555.44,CUST-6400,False
2024-06-30,Headphones,Audio,North,14,199,3046.99,CUST-6119,False
2024-03-20,Monitor,Computing,South,16,379,6485.17,CUST-6736,False
2024-02-28,Mouse,Accessories,South,9,49,468.1,CUST-1430,False
2024-01-15,Keyboard,Accessories,East,6,89,555.65,CUST-6062,False
2024-01-04,Mouse,Accessories,South,6,49,297.9,CUST-7566,False
2024-02-16,Laptop,Computing,South,17,999,16562.48,CUST-8432,False
2024-06-08,Mouse,Accessories,North,11,49,580.32,CUST-3549,False
2024-12-11,Laptop,Computing,East,3,999,2962.9,CUST-7947,False
2024-07-31,Webcam,Accessories,South,9,129,1220.2,CUST-2864,False
2024-05-25,Phone,Mobile,West,19,699,13352.54,CUST-6053,True
2024-11-02,Headphones,Audio,North,2,199,374.47,CUST-4460,False
2024-05-28,Keyboard,Accessories,North,11,89,882.61,CUST-8055,False
2024-09-29,Headphones,Audio,East,8,199,1455.75,CUST-1693,False
2024-02-09,Webcam,Accessories,West,11,129,1439.83,CUST-7843,False
2024-01-11,Headphones,Audio,South,11,199,2320.92,CUST-8538,False
2024-02-15,Mouse,Accessories,North,14,49,650.78,CUST-7560,False
2024-06-07,Headphones,Audio,South,11,199,2115.92,CUST-3754,False
2024-09-28,Phone,Mobile,South,17,699,12847.72,CUST-6724,False
2024-04-30,Tablet,Mobile,South,4,449,1708.34,CUST-3842,False
2024-03-31,Phone,Mobile,West,16,699,11753.14,CUST-8354,False
2024-11-17,Mouse,Accessories,South,11,49,532.51,CUST-8682,False
2024-05-20,Keyboard,Accessories,North,19,89,1640.93,CUST-2215,False
2024-01-20,Webcam,Accessories,East,2,129,275.12,CUST-2257,False
2024-11-10,Phone,Mobile,West,20,699,13875.74,CUST-1672,False
2024-06-13,Monitor,Computing,West,20,379,7582.07,CUST-2013,False
2024-02-13,Mouse,Accessories,South,17,49,756.22,CUST-8172,False
2024-07-05,Tablet,Mobile,East,12,449,5266.68,CUST-6543,False
2024-11-19,Laptop,Computing,North,11,999,10614.69,CUST-7333,False
2024-06-19,Tablet,Mobile,South,3,449,1459.27,CUST-6082,False
2024-03-07,Headphones,Audio,North,20,199,3828.43,CUST-7171,False
2024-03-06,Mouse,Accessories,North,17,49,857.33,CUST-7937,False
2024-07-04,Laptop,Computing,South,10,999,10891.44,CUST-6598,False
2024-04-08,Webcam,Accessories,South,8,129,960.78,CUST-5846,False
2024-09-16,Phone,Mobile,North,18,699,12989.48,CUST-3147,False
2024-03-24,Tablet,Mobile,South,6,449,2813.17,CUST-1715,False
2024-08-15,Monitor,Computing,East,20,379,7962.63,CUST-8355,False
2024-06-07,Monitor,Computing,South,16,379,5903.72,CUST-8218,False
2024-07-14,Keyboard,Accessories,West,17,89,1654.09,CUST-4271,False
2024-05-08,Tablet,Mobile,West,2,449,965.19,CUST-2680,False
2024-05-25,Phone,Mobile,South,3,699,2001.71,CUST-9410,False
2024-02-16,Headphones,Audio,West,8,199,1714.47,CUST-1436,False
2024-09-14,Headphones,Audio,South,12,199,2333.63,CUST-2337,False
2024-06-12,Laptop,Computing,East,4,999,4228.87,CUST-3254,True
2024-12-22,Webcam,Accessories,West,5,129,638.37,CUST-1086,False
2024-05-11,Laptop,Computing,South,7,999,7061.26,CUST-9647,False
2024-05-01,Keyboard,Accessories,North,10,89,809.5,CUST-7878,False
2024-02-02,Webcam,Accessories,West,4,129,525.98,CUST-1269,False
2024-03-14,Monitor,Computing,West,10,379,3412.19,CUST-6780,False
2024-04-05,Headphones,Audio,East,3,199,545.38,CUST-9618,False
2024-07-18,Laptop,Computing,North,16,999,16417.71,CUST-7116,False
2024-07-01,Laptop,Computing,East,3,999,2841.83,CUST-2698,False
2024-03-09,Mouse,Accessories,East,2,49,98.9,CUST-3868,False
2024-12-22,Webcam,Accessories,South,16,129,2192.59,CUST-2033,False
2024-01-19,Webcam,Accessories,South,10,129,1172.3,CUST-4268,False
2024-06-07,Mouse,Accessories,West,17,49,914.49,CUST-9897,False
2024-11-27,Laptop,Computing,East,7,999,6792.96,CUST-1783,False
2024-05-19,Mouse,Accessories,East,4,49,193.53,CUST-7553,False
2024-06-22,Headphones,Audio,West,6,199,1239.87,CUST-7018,False
2024-02-12,Keyboard,Accessories,North,14,89,1228.71,CUST-3956,False
2024-02-22,Mouse,Accessories,East,3,49,151.73,CUST-6021,False
2024-03-26,Headphones,Audio,East,15,199,2953.44,CUST-6776,False
2024-05-20,Headphones,Audio,North,2,199,411.63,CUST-7655,False
2024-01-16,Tablet,Mobile,West,5,449,2036.12,CUST-2101,False
2024-07-04,Mouse,Accessories,North,13,49,650.39,CUST-8371,False
2024-08-15,Mouse,Accessories,South,3,49,147.87,CUST-7521,False
2024-05-07,Keyboard,Accessories,North,4,89,372.78,CUST-9176,False
2024-05-14,Phone,Mobile,West,9,699,5931.87,CUST-5678,False
2024-04-12,Webcam,Accessories,South,4,129,552.41,CUST-8406,False
2024-02-14,Webcam,Accessories,East,11,129,1478.47,CUST-9882,False
2024-03-21,Keyboard,Accessories,East,6,89,534.94,CUST-2988,False
2024-05-01,Tablet,Mobile,North,16,449,6984.14,CUST-7044,False
2024-11-09,Tablet,Mobile,North,3,449,1295.62,CUST-8842,False
2024-10-21,Headphones,Audio,South,3,199,653.4,CUST-2215,False
2024-03-06,Mouse,Accessories,South,18,49,929.24,CUST-3114,False
2024-03-04,Laptop,Computing,South,17,999,16317.69,CUST-3653,False
2024-06-26,Monitor,Computing,East,17,379,6888.77,CUST-5105,False
2024-03-05,Keyboard,Accessories,North,10,89,890.46,CUST-3762,False
2024-03-28,Tablet,Mobile,East,20,449,9595.18,CUST-1674,False
2024-02-11,Laptop,Computing,East,2,999,2058.39,CUST-7825,False
2024-09-11,Laptop,Computing,East,18,999,18492.36,CUST-5949,False
2024-06-01,Headphones,Audio,North,15,199,3097.6,CUST-3589,False
2024-08-25,Webcam,Accessories,East,7,129,922.26,CUST-6121,False
2024-06-25,Mouse,Accessories,South,13,49,670.21,CUST-9437,False
2024-05-03,Mouse,Accessories,North,15,49,700.82,CUST-5061,False
2024-05-28,Laptop,Computing,West,13,999,12333.16,CUST-3616,False
2024-04-07,Mouse,Accessories,West,6,49,323.16,CUST-8648,False
2024-09-11,Keyboard,Accessories,North,1,89,96.93,CUST-9281,False
2024-04-20,Monitor,Computing,East,19,379,6550.98,CUST-5609,False
2024-05-26,Webcam,Accessories,North,18,129,2483.23,CUST-8060,False
2024-07-06,Keyboard,Accessories,East,13,89,1051.77,CUST-1838,False
2024-07-04,Monitor,Computing,East,18,379,6240.13,CUST-9261,False
2024-11-15,Keyboard,Accessories,North,20,89,1647.8,CUST-2584,False
2024-10-12,Mouse,Accessories,South,12,49,552.61,CUST-9341,False
2024-01-24,Laptop,Computing,South,2,999,2083.35,CUST-8761,False
2024-11-06,Tablet,Mobile,South,17,449,7370.37,CUST-6218,False
2024-10-30,Keyboard,Accessories,West,11,89,1019.87,CUST-5911,False
2024-07-07,Laptop,Computing,North,11,999,12043.72,CUST-6040,False
2024-11-01,Laptop,Computing,East,16,999,17477.13,CUST-4728,False
2024-03-28,Webcam,Accessories,West,17,129,2038.51,CUST-4968,True
2024-04-07,Phone,Mobile,West,1,699,672.95,CUST-3481,False
2024-07-29,Monitor,Computing,West,17,379,6923.41,CUST-2020,False
2024-10-14,Monitor,Computing,West,11,379,4190.24,CUST-6140,False
2024-09-29,Webcam,Accessories,East,11,129,1468.91,CUST-5331,False
2024-05-06,Monitor,Computing,East,9,379,3223.3,CUST-5876,False
2024-12-19,Monitor,Computing,East,16,379,6039.51,CUST-5480,False
2024-07-21,Headphones,Audio,South,12,199,2287.92,CUST-5712,False
2024-06-26,Phone,Mobile,East,15,699,11003.67,CUST-4505,False
2024-10-14,Keyboard,Accessories,South,9,89,738.4,CUST-4920,False
2024-11-22,Monitor,Computing,North,8,379,2789.56,CUST-6411,False
2024-12-14,Phone,Mobile,North,5,699,3819.7,CUST-3587,False
2024-09-01,Webcam,Accessories,East,7,129,870.7,CUST-1969,False
2024-11-29,Phone,Mobile,South,19,699,13374.37,CUST-1611,False
2024-08-01,Tablet,Mobile,North,6,449,2961.88,CUST-7504,False
2024-05-28,Tablet,Mobile,North,2,449,861.79,CUST-2758,False
2024-05-25,Mouse,Accessories,West,15,49,792.22,CUST-3198,False
2024-05-19,Webcam,Accessories,North,7,129,872.42,CUST-8518,False
2024-01-08,Tablet,Mobile,East,11,449,5005.95,CUST-4164,False
2024-08-06,Headphones,Audio,East,17,199,3103.39,CUST-2562,False
2024-09-01,Tablet,Mobile,South,11,449,4451.85,CUST-7284,False
2024-06-17,Keyboard,Accessories,North,10,89,847.56,CUST-6890,False
2024-12-07,Laptop,Computing,West,4,999,3841.6,CUST-7642,False
2024-12-19,Keyboard,Accessories,East,4,89,346.57,CUST-4618,False
2024-09-01,Tablet,Mobile,West,5,449,2356.23,CUST-7121,False
2024-10-02,Webcam,Accessories,South,7,129,935.57,CUST-2341,False
2024-02-09,Mouse,Accessories,North,19,49,849.4,CUST-9972,False
2024-10-20,Monitor,Computing,South,18,379,6364.29,CUST-9525,False
2024-10-25,Monitor,Computing,North,16,379,6547.77,CUST-8298,False
2024-03-08,Webcam,Accessories,West,17,129,2174.05,CUST-1945,False
2024-01-12,Keyboard,Accessories,East,13,89,1230.23,CUST-4570,False
2024-08-04,Laptop,Computing,North,12,999,12086.69,CUST-1987,False
2024-08-29,Phone,Mobile,East,2,699,1372.52,CUST-3218,False
2024-07-10,Headphones,Audio,West,13,199,2778.24,CUST-7184,False
2024-11-30,Tablet,Mobile,North,12,449,5041.52,CUST-9802,False
2024-04-24,Tablet,Mobile,North,1,449,491.97,CUST-8585,False
2024-09-29,Headphones,Audio,South,13,199,2456.36,CUST-6671,False
2024-02-27,Monitor,Computing,West,2,379,775.42,CUST-1256,False
2024-02-21,Phone,Mobile,North,20,699,13830.25,CUST-1797,False
2024-07-24,Laptop,Computing,South,15,999,15104.16,CUST-1924,False
2024-04-29,Keyboard,Accessories,East,19,89,1717.2,CUST-6253,False
2024-12-04,Tablet,Mobile,South,17,449,7501.04,CUST-5508,False
2024-11-16,Tablet,Mobile,West,14,449,5716.34,CUST-6642,False
2024-09-25,Headphones,Audio,West,11,199,2148.84,CUST-5913,False
2024-05-03,Webcam,Accessories,East,8,129,1105.8,CUST-3365,False
2024-10-14,Laptop,Computing,West,14,999,14146.24,CUST-3196,False
2024-04-14,Keyboard,Accessories,North,11,89,1061.67,CUST-7079,False
2024-01-27,Monitor,Computing,West,9,379,3529.48,CUST-1647,False
2024-10-27,Monitor,Computing,South,18,379,6793.89,CUST-6455,False
2024-04-18,Laptop,Computing,North,7,999,7338.29,CUST-8846,False
2024-07-22,Monitor,Computing,East,8,379,3199.07,CUST-7236,False
2024-06-06,Mouse,Accessories,East,9,49,442.13,CUST-9147,False
2024-06-12,Webcam,Accessories,East,7,129,869.21,CUST-1749,False
2024-03-15,Monitor,Computing,East,1,379,383.04,CUST-7841,False
2024-06-17,Monitor,Computing,West,8,379,3074.32,CUST-5026,False
2024-05-11,Mouse,Accessories,West,16,49,777.86,CUST-6770,False
2024-04-04,Webcam,Accessories,North,18,129,2333.12,CUST-2217,False
2024-01-04,Laptop,Computing,South,14,999,14944.17,CUST-4791,False
2024-01-05,Tablet,Mobile,West,7,449,3063.29,CUST-8916,False
2024-01-04,Laptop,Computing,West,18,999,16226.42,CUST-9673,False
2024-01-09,Keyboard,Accessories,West,17,89,1605.65,CUST-3937,False
2024-09-25,Phone,Mobile,South,5,699,3279.66,CUST-9625,False
2024-05-16,Mouse,Accessories,North,13,49,620.83,CUST-7652,False
2024-12-22,Monitor,Computing,East,8,379,3143.6,CUST-2320,False
2024-02-17,Laptop,Computing,West,13,999,12667.96,CUST-8798,False
2024-12-25,Laptop,Computing,North,6,999,5993.83,CUST-8109,False
2024-10-16,Mouse,Accessories,North,4,49,185.41,CUST-8790,False
2024-12-16,Phone,Mobile,North,9,699,5887.56,CUST-6152,True
2024-10-27,Monitor,Computing,West,5,379,2057.54,CUST-5903,False
2024-10-17,Monitor,Computing,East,13,379,4812.54,CUST-3292,False
2024-09-13,Phone,Mobile,North,12,699,7713.08,CUST-4803,False
2024-11-05,Mouse,Accessories,West,20,49,1071.91,CUST-6347,True
2024-08-18,Keyboard,Accessories,South,16,89,1382.94,CUST-7150,False
2024-02-13,Headphones,Audio,East,20,199,4217.25,CUST-2204,False
2024-07-13,Tablet,Mobile,West,5,449,2162.69,CUST-2745,False
2024-08-15,Keyboard,Accessories,East,12,89,983.04,CUST-2430,False
2024-10-12,Webcam,Accessories,West,18,129,2137.77,CUST-2468,False
2024-11-01,Phone,Mobile,East,20,699,14996.96,CUST-1202,False
2024-02-13,Headphones,Audio,South,18,199,3633.55,CUST-3778,False
2024-03-12,Tablet,Mobile,East,9,449,3853.83,CUST-3390,False
2024-05-21,Headphones,Audio,East,14,199,2777.21,CUST-2260,False
2024-11-16,Monitor,Computing,South,16,379,6012.89,CUST-3219,False
2024-06-19,Headphones,Audio,West,20,199,4222.04,CUST-6399,False
2024-11-29,Headphones,Audio,South,20,199,3821.15,CUST-4290,False
2024-07-22,Tablet,Mobile,East,11,449,5171.01,CUST-9044,False
2024-06-15,Monitor,Computing,East,13,379,5238.87,CUST-7437,False
2024-10-30,Monitor,Computing,South,18,379,7069.93,CUST-1440,False
2024-12-28,Webcam,Accessories,West,7,129,956.76,CUST-2133,False
2024-12-10,Headphones,Audio,South,16,199,3268.91,CUST-4965,False
2024-08-04,Tablet,Mobile,North,13,449,5777.54,CUST-8851,False
2024-10-05,Headphones,Audio,East,2,199,414.05,CUST-9796,False
2024-02-25,Phone,Mobile,East,8,699,5218.83,CUST-1725,False
2024-06-18,Headphones,Audio,North,14,199,2513.28,CUST-5239,False
2024-08-16,Monitor,Computing,West,12,379,4514.4,CUST-9199,False
2024-09-04,Laptop,Computing,East,4,999,3928.85,CUST-2406,False
2024-06-27,Tablet,Mobile,East,10,449,4449.89,CUST-4389,False
2024-08-31,Mouse,Accessories,West,4,49,204.7,CUST-8412,False
2024-01-23,Keyboard,Accessories,North,4,89,380.86,CUST-2791,False
2024-05-04,Tablet,Mobile,South,17,449,7712.25,CUST-6422,False
2024-04-28,Webcam,Accessories,South,13,129,1571.81,CUST-8080,False
2024-08-18,Monitor,Computing,West,19,379,7040.9,CUST-4519,False
2024-10-22,Phone,Mobile,South,4,699,2720.95,CUST-4228,False
2024-12-09,Keyboard,Accessories,East,16,89,1451.62,CUST-7431,False
2024-06-29,Mouse,Accessories,South,15,49,781.12,CUST-5873,False
2024-12-10,Phone,Mobile,East,5,699,3227.89,CUST-6003,False
2024-12-21,Mouse,Accessories,West,5,49,240.99,CUST-3258,False
2024-04-05,Headphones,Audio,South,16,199,3218.97,CUST-9022,False
2024-06-10,Tablet,Mobile,North,15,449,7227.36,CUST-1157,False
2024-07-15,Monitor,Computing,West,18,379,6698.02,CUST-9056,False
2024-09-07,Webcam,Accessories,North,6,129,784.12,CUST-4613,False
2024-04-25,Keyboard,Accessories,East,18,89,1495.69,CUST-8492,False
2024-10-08,Webcam,Accessories,North,17,129,2224.89,CUST-5389,False
2024-10-04,Mouse,Accessories,West,2,49,98.91,CUST-7965,False
2024-06-01,Monitor,Computing,West,2,379,722.04,CUST-2425,False
2024-05-01,Phone,Mobile,East,7,699,5246.32,CUST-8015,False
2024-04-15,Tablet,Mobile,North,7,449,3187.05,CUST-9720,False
2024-06-14,Tablet,Mobile,East,10,449,4555.32,CUST-9428,False
2024-03-10,Phone,Mobile,North,14,699,10749.89,CUST-3078,False
2024-05-07,Tablet,Mobile,East,5,449,2392.49,CUST-7434,False
2024-11-17,Keyboard,Accessories,West,14,89,1234.04,CUST-2525,False
2024-12-21,Keyboard,Accessories,West,12,89,1164.17,CUST-6362,False
2024-08-22,Phone,Mobile,North,12,699,8884.03,CUST-7516,False
2024-04-18,Headphones,Audio,East,16,199,3071.2,CUST-5646,False
2024-10-16,Tablet,Mobile,East,16,449,7750.32,CUST-1793,True
2024-01-09,Webcam,Accessories,South,4,129,509.94,CUST-1011,False
2024-04-13,Headphones,Audio,East,5,199,927.14,CUST-5489,False
2024-05-08,Mouse,Accessories,East,3,49,151.84,CUST-3711,False
2024-12-24,Keyboard,Accessories,West,8,89,734.14,CUST-2559,True
2024-02-09,Webcam,Accessories,South,5,129,647.51,CUST-8291,True
2024-03-02,Mouse,Accessories,South,14,49,682.94,CUST-4751,False
2024-02-22,Phone,Mobile,East,11,699,8274.88,CUST-3246,False
2024-11-24,Tablet,Mobile,North,5,449,2258.7,CUST-1138,False
2024-08-13,Tablet,Mobile,South,12,449,5526.02,CUST-3480,False
2024-04-21,Webcam,Accessories,North,3,129,359.14,CUST-3017,False
2024-06-28,Headphones,Audio,East,14,199,2948.19,CUST-5059,False
2024-05-07,Phone,Mobile,East,18,699,13284.0,CUST-1439,False
2024-04-15,Keyboard,Accessories,South,17,89,1588.0,CUST-5842,False
2024-09-10,Monitor,Computing,North,13,379,4671.86,CUST-2163,False
2024-07-03,Laptop,Computing,South,11,999,10740.29,CUST-7895,False
2024-08-29,Tablet,Mobile,North,3,449,1370.54,CUST-1225,False
2024-01-31,Laptop,Computing,East,13,999,13320.95,CUST-9209,False
2024-12-25,Headphones,Audio,North,13,199,2659.71,CUST-9808,False
2024-02-12,Keyboard,Accessories,North,10,89,892.01,CUST-4329,False
2024-10-01,Tablet,Mobile,West,11,449,5024.38,CUST-2083,False
2024-05-02,Headphones,Audio,South,2,199,365.06,CUST-8118,False
2024-06-07,Laptop,Computing,North,6,999,5409.78,CUST-3248,False
2024-09-11,Tablet,Mobile,East,12,449,5029.12,CUST-3079,False
2024-03-01,Keyboard,Accessories,East,1,89,94.47,CUST-5456,False
2024-12-30,Keyboard,Accessories,North,19,89,1689.7,CUST-9368,False
2024-10-17,Webcam,Accessories,East,6,129,720.95,CUST-2685,False
2024-04-26,Phone,Mobile,North,17,699,10799.36,CUST-1201,False
2024-07-05,Webcam,Accessories,South,13,129,1569.32,CUST-1579,False
2024-04-24,Headphones,Audio,South,11,199,2152.34,CUST-6241,False
2024-10-19,Phone,Mobile,North,12,699,8391.42,CUST-1862,False
2024-07-24,Laptop,Computing,West,3,999,3216.4,CUST-6090,False
2024-01-05,Webcam,Accessories,South,12,129,1483.48,CUST-5979,False
2024-08-25,Monitor,Computing,West,12,379,5000.79,CUST-4201,False
2024-03-18,Monitor,Computing,West,1,379,342.91,CUST-9872,False
2024-06-20,Laptop,Computing,West,1,999,1068.73,CUST-6038,False
2024-08-02,Monitor,Computing,North,16,379,6637.12,CUST-3332,False
2024-01-23,Phone,Mobile,West,8,699,5816.63,CUST-7102,False
2024-10-24,Phone,Mobile,South,4,699,2872.73,CUST-7461,False
2024-08-10,Laptop,Computing,South,5,999,4786.88,CUST-6161,False
2024-12-24,Headphones,Audio,East,11,199,2168.32,CUST-4827,False
2024-03-10,Monitor,Computing,North,19,379,6704.72,CUST-3693,False
2024-07-27,Mouse,Accessories,East,4,49,214.21,CUST-4401,False
2024-05-15,Webcam,Accessories,North,4,129,480.67,CUST-5984,False
2024-04-20,Laptop,Computing,South,11,999,10090.57,CUST-5066,False
2024-09-19,Headphones,Audio,East,2,199,378.91,CUST-3848,True
2024-08-19,Headphones,Audio,South,18,199,3291.66,CUST-2669,False
2024-03-03,Tablet,Mobile,North,1,449,478.67,CUST-4641,False
2024-07-09,Headphones,Audio,East,3,199,646.84,CUST-2228,True
2024-04-11,Phone,Mobile,South,15,699,9629.38,CUST-6432,False
2024-01-26,Webcam,Accessories,West,6,129,823.8,CUST-7471,False
2024-12-15,Headphones,Audio,South,14,199,2704.62,CUST-4066,False
2024-03-17,Webcam,Accessories,South,2,129,265.6,CUST-9173,False
2024-02-01,Webcam,Accessories,East,3,129,377.95,CUST-7868,False
2024-11-18,Monitor,Computing,North,18,379,7489.74,CUST-6883,False
2024-06-25,Webcam,Accessories,East,19,129,2396.28,CUST-3946,True
2024-01-16,Monitor,Computing,North,9,379,3621.56,CUST-8728,False
2024-03-22,Monitor,Computing,South,4,379,1563.56,CUST-5366,False
2024-04-22,Laptop,Computing,West,19,999,18429.81,CUST-3846,False
2024-12-23,Mouse,Accessories,North,12,49,611.93,CUST-6761,False
2024-10-15,Tablet,Mobile,West,7,449,3169.48,CUST-3876,False
2024-01-29,Phone,Mobile,South,8,699,5055.09,CUST-8831,True
2024-03-07,Monitor,Computing,South,11,379,4518.18,CUST-6301,False
2024-10-27,Tablet,Mobile,North,5,449,2400.57,CUST-6978,False
2024-12-26,Mouse,Accessories,North,13,49,616.18,CUST-6285,False
2024-08-11,Tablet,Mobile,East,16,449,6715.89,CUST-6846,False
2024-07-12,Tablet,Mobile,East,10,449,4155.36,CUST-1029,False
2024-10-17,Headphones,Audio,South,2,199,406.15,CUST-4619,False
2024-09-11,Phone,Mobile,East,5,699,3666.49,CUST-4899,False
2024-03-26,Mouse,Accessories,East,3,49,145.43,CUST-5345,False
2024-06-28,Phone,Mobile,North,9,699,6568.32,CUST-1788,False
2024-03-26,Headphones,Audio,West,14,199,2998.72,CUST-6754,False
2024-09-02,Phone,Mobile,South,19,699,12384.95,CUST-2207,False
2024-05-30,Laptop,Computing,East,1,999,951.27,CUST-2715,False
2024-07-11,Tablet,Mobile,North,6,449,2719.35,CUST-2525,False
2024-12-26,Webcam,Accessories,West,1,129,140.42,CUST-3703,False
2024-03-21,Headphones,Audio,North,2,199,384.56,CUST-4112,False
2024-12-04,Keyboard,Accessories,East,10,89,843.28,CUST-1813,False
2024-03-19,Webcam,Accessories,East,2,129,232.4,CUST-2435,False
2024-04-12,Webcam,Accessories,North,4,129,485.76,CUST-5781,False
2024-02-29,Webcam,Accessories,West,10,129,1282.5,CUST-5341,False
2024-04-04,Headphones,Audio,West,12,199,2325.63,CUST-8303,True
2024-08-26,Webcam,Accessories,South,9,129,1239.27,CUST-2009,False
2024-02-13,Phone,Mobile,West,12,699,9177.66,CUST-4727,False
2024-09-24,Headphones,Audio,West,14,199,2826.52,CUST-4860,False
2024-07-21,Phone,Mobile,South,2,699,1291.83,CUST-8357,False
2024-04-18,Tablet,Mobile,South,7,449,2855.53,CUST-2283,False
2024-04-13,Headphones,Audio,East,5,199,959.13,CUST-2097,False
2024-10-09,Headphones,Audio,East,11,199,2197.62,CUST-1202,False
2024-02-27,Headphones,Audio,South,14,199,2589.98,CUST-2641,False
2024-05-26,Phone,Mobile,East,18,699,13532.93,CUST-5327,False
2024-10-19,Webcam,Accessories,West,20,129,2341.33,CUST-5512,False
2024-01-20,Headphones,Audio,East,13,199,2685.57,CUST-1807,False
2024-07-09,Keyboard,Accessories,East,1,89,94.65,CUST-5965,False
2024-12-22,Webcam,Accessories,South,4,129,478.27,CUST-8259,False
2024-05-17,Mouse,Accessories,North,14,49,643.18,CUST-4463,False
2024-09-05,Headphones,Audio,East,17,199,3600.2,CUST-9442,False
2024-06-08,Phone,Mobile,West,17,699,11017.09,CUST-9589,False
2024-03-29,Laptop,Computing,South,7,999,7464.3,CUST-5087,True
2024-07-03,Laptop,Computing,East,7,999,6808.88,CUST-8605,False
2024-12-14,Phone,Mobile,South,1,699,681.17,CUST-8308,False
2024-10-27,Webcam,Accessories,East,18,129,2249.67,CUST-5237,False
2024-05-25,Phone,Mobile,West,1,699,636.04,CUST-4511,False
2024-12-12,Monitor,Computing,East,7,379,2733.43,CUST-9409,True
2024-08-30,Laptop,Computing,South,5,999,5096.04,CUST-1138,False
2024-12-30,Keyboard,Accessories,West,9,89,864.36,CUST-6713,False
2024-08-26,Monitor,Computing,West,10,379,3854.04,CUST-1120,False
2024-10-14,Mouse,Accessories,East,20,49,940.5,CUST-2771,False
2024-05-21,Mouse,Accessories,East,11,49,513.25,CUST-5895,False
2024-01-30,Monitor,Computing,West,20,379,7823.36,CUST-3292,False
2024-05-31,Webcam,Accessories,West,9,129,1138.85,CUST-1578,False
2024-06-24,Monitor,Computing,West,8,379,3278.52,CUST-6873,False
2024-12-02,Tablet,Mobile,South,18,449,7748.67,CUST-8713,False
2024-10-13,Keyboard,Accessories,East,6,89,550.49,CUST-4641,False
2024-08-03,Keyboard,Accessories,East,11,89,932.12,CUST-5817,False
2024-08-28,Phone,Mobile,North,2,699,1390.23,CUST-4187,False
2024-09-28,Headphones,Audio,West,10,199,1812.52,CUST-3470,False
2024-06-24,Monitor,Computing,West,14,379,4927.39,CUST-3954,False
2024-06-19,Webcam,Accessories,East,6,129,794.82,CUST-1077,False
2024-03-27,Monitor,Computing,South,19,379,7185.99,CUST-2442,False
2024-11-20,Headphones,Audio,West,14,199,2746.45,CUST-8821,False
2024-09-30,Laptop,Computing,East,7,999,7622.47,CUST-6279,False
2024-01-10,Monitor,Computing,South,1,379,358.25,CUST-6641,False
2024-07-15,Phone,Mobile,East,17,699,11091.64,CUST-1749,False
2024-08-21,Keyboard,Accessories,East,17,89,1492.93,CUST-3192,False
2024-07-02,Webcam,Accessories,South,7,129,983.92,CUST-7609,True
2024-03-08,Monitor,Computing,North,7,379,2700.59,CUST-3768,False
2024-07-11,Laptop,Computing,North,9,999,9159.89,CUST-1785,False
2024-01-25,Laptop,Computing,West,4,999,3951.5,CUST-3024,False
2024-12-25,Webcam,Accessories,South,5,129,670.18,CUST-1152,False
2024-12-05,Phone,Mobile,East,17,699,12174.84,CUST-3247,False
2024-09-18,Phone,Mobile,North,20,699,13372.45,CUST-2741,False
2024-05-14,Monitor,Computing,South,17,379,6259.92,CUST-7713,False
2024-10-07,Laptop,Computing,South,16,999,16585.65,CUST-8875,False
2024-01-07,Laptop,Computing,North,3,999,3197.94,CUST-9095,False
2024-09-18,Phone,Mobile,North,3,699,2266.76,CUST-4787,False
2024-05-15,Keyboard,Accessories,North,15,89,1228.15,CUST-3862,False
2024-07-03,Keyboard,Accessories,West,11,89,1025.71,CUST-2556,False
2024-01-05,Laptop,Computing,South,5,999,4823.83,CUST-8171,False
2024-02-17,Keyboard,Accessories,East,12,89,1000.26,CUST-7566,False
2024-05-19,Webcam,Accessories,West,13,129,1777.59,CUST-3732,False
2024-03-22,Laptop,Computing,West,4,999,4324.65,CUST-8908,False
2024-04-02,Webcam,Accessories,West,20,129,2724.05,CUST-1472,False
2024-09-04,Tablet,Mobile,North,16,449,7740.89,CUST-8220,True
2024-12-01,Keyboard,Accessories,North,11,89,1019.05,CUST-9598,False
2024-12-08,Monitor,Computing,North,11,379,4113.01,CUST-5072,False
2024-03-17,Headphones,Audio,North,18,199,3232.14,CUST-3571,False
2024-09-10,Webcam,Accessories,North,6,129,812.92,CUST-6253,False
2024-01-26,Keyboard,Accessories,South,17,89,1528.28,CUST-7203,False
2024-02-10,Monitor,Computing,West,15,379,6027.53,CUST-8341,False
2024-08-16,Webcam,Accessories,North,11,129,1555.41,CUST-1291,False
2024-01-19,Headphones,Audio,North,18,199,3815.48,CUST-5990,False
2024-12-01,Monitor,Computing,East,15,379,5529.62,CUST-1889,False
2024-06-18,Webcam,Accessories,West,18,129,2422.62,CUST-6952,False
2024-02-19,Phone,Mobile,North,8,699,5414.57,CUST-5783,False
2024-12-25,Mouse,Accessories,North,4,49,211.56,CUST-9067,False
2024-02-24,Headphones,Audio,South,9,199,1679.08,CUST-7437,False
2024-06-22,Monitor,Computing,West,4,379,1378.5,CUST-3018,False
2024-08-22,Webcam,Accessories,South,19,129,2678.38,CUST-1071,False
2024-10-10,Laptop,Computing,West,14,999,15173.05,CUST-3903,False
2024-03-06,Tablet,Mobile,West,4,449,1852.58,CUST-6273,False
2024-08-02,Headphones,Audio,South,20,199,3799.78,CUST-6617,False
2024-03-09,Webcam,Accessories,West,5,129,658.23,CUST-9393,False
2024-12-30,Mouse,Accessories,South,18,49,829.24,CUST-5760,False
2024-12-29,Tablet,Mobile,East,6,449,2807.34,CUST-6771,False
2024-12-11,Headphones,Audio,East,18,199,3852.42,CUST-7920,False
2024-01-13,Phone,Mobile,South,13,699,8274.74,CUST-1927,False
2024-05-26,Tablet,Mobile,South,9,449,4315.29,CUST-5835,False
2024-07-02,Laptop,Computing,North,15,999,15332.98,CUST-4675,False
2024-05-01,Headphones,Audio,East,17,199,3513.54,CUST-1769,False
2024-08-01,Headphones,Audio,North,11,199,1975.78,CUST-5117,False
2024-04-25,Webcam,Accessories,South,12,129,1633.5,CUST-4170,False
2024-12-15,Tablet,Mobile,South,3,449,1471.59,CUST-9418,False
2024-08-07,Laptop,Computing,East,9,999,8325.79,CUST-5178,True
2024-12-29,Webcam,Accessories,North,5,129,600.33,CUST-6285,False
2024-09-08,Keyboard,Accessories,East,19,89,1546.55,CUST-6207,False
2024-09-23,Tablet,Mobile,South,3,449,1324.35,CUST-9798,False
2024-04-23,Mouse,Accessories,East,7,49,331.41,CUST-5809,False
2024-10-14,Webcam,Accessories,North,1,129,133.36,CUST-8301,False
2024-01-21,Monitor,Computing,West,11,379,4515.8,CUST-2857,False
2024-01-13,Keyboard,Accessories,East,17,89,1517.33,CUST-9335,False
2024-05-31,Laptop,Computing,East,7,999,7012.43,CUST-2572,False
2024-11-16,Laptop,Computing,South,3,999,3099.1,CUST-4492,False
2024-02-23,Headphones,Audio,West,7,199,1433.83,CUST-2181,False
2024-01-13,Tablet,Mobile,East,15,449,6112.53,CUST-2200,False
2024-10-12,Keyboard,Accessories,South,3,89,288.95,CUST-7678,False
2024-08-09,Headphones,Audio,North,11,199,2140.62,CUST-2938,False
2024-10-26,Phone,Mobile,North,2,699,1358.21,CUST-9238,False
2024-11-06,Keyboard,Accessories,East,3,89,281.17,CUST-8170,False
2024-08-30,Laptop,Computing,South,6,999,5558.09,CUST-7406,False
2024-11-20,Keyboard,Accessories,East,5,89,460.78,CUST-7113,False
2024-10-10,Laptop,Computing,South,18,999,16627.0,CUST-1082,False
2024-10-02,Headphones,Audio,North,18,199,3442.08,CUST-6633,False
2024-03-23,Tablet,Mobile,South,6,449,2756.98,CUST-5140,False
2024-12-09,Tablet,Mobile,North,19,449,9130.54,CUST-9992,False
2024-05-28,Phone,Mobile,East,3,699,1928.49,CUST-8982,False
2024-03-06,Mouse,Accessories,North,8,49,375.15,CUST-2143,False
2024-09-05,Mouse,Accessories,East,15,49,752.1,CUST-6008,False
2024-10-16,Tablet,Mobile,East,19,449,9056.0,CUST-8017,False
2024-05-06,Mouse,Accessories,West,8,49,374.49,CUST-6889,False
2024-09-02,Mouse,Accessories,West,15,49,714.24,CUST-6004,False
2024-03-30,Phone,Mobile,North,20,699,14935.65,CUST-3293,False
2024-05-14,Monitor,Computing,North,3,379,1226.16,CUST-9309,False
2024-10-29,Headphones,Audio,North,7,199,1407.37,CUST-9904,False
2024-11-30,Webcam,Accessories,East,5,129,631.13,CUST-5767,False
2024-07-22,Phone,Mobile,North,12,699,8660.91,CUST-3717,False
2024-08-16,Tablet,Mobile,South,6,449,2729.75,CUST-3395,False
2024-07-02,Webcam,Accessories,South,2,129,271.49,CUST-4796,False
2024-04-29,Mouse,Accessories,South,2,49,98.35,CUST-6918,False
2024-01-24,Webcam,Accessories,East,2,129,237.53,CUST-9542,False
2024-05-14,Keyboard,Accessories,South,19,89,1649.29,CUST-7201,False
2024-09-21,Phone,Mobile,West,9,699,6885.72,CUST-4651,False
2024-06-25,Mouse,Accessories,West,16,49,844.71,CUST-1108,False
2024-08-13,Tablet,Mobile,South,6,449,2466.14,CUST-5600,False
2024-03-21,Tablet,Mobile,North,12,449,5561.61,CUST-7793,False
2024-09-03,Phone,Mobile,West,16,699,10536.9,CUST-3641,False
2024-01-12,Headphones,Audio,North,8,199,1473.52,CUST-3639,False
2024-10-20,Laptop,Computing,North,5,999,4661.68,CUST-3949,False
2024-11-02,Headphones,Audio,North,19,199,4067.23,CUST-5644,False
2024-08-17,Monitor,Computing,West,20,379,8136.83,CUST-3794,False
2024-11-03,Headphones,Audio,South,5,199,1019.52,CUST-9369,False
2024-08-20,Mouse,Accessories,North,20,49,927.04,CUST-7315,False
2024-04-13,Laptop,Computing,West,17,999,18092.04,CUST-2577,False
2024-09-29,Laptop,Computing,North,17,999,15601.23,CUST-3135,False
2024-12-13,Laptop,Computing,West,14,999,13623.42,CUST-1711,False
2024-04-27,Headphones,Audio,West,16,199,3088.81,CUST-2600,False
2024-09-01,Keyboard,Accessories,North,8,89,681.14,CUST-9908,False
2024-01-03,Monitor,Computing,North,1,379,380.5,CUST-7144,False
2024-07-28,Mouse,Accessories,North,12,49,547.4,CUST-5155,False
2024-10-16,Headphones,Audio,East,12,199,2622.88,CUST-7511,False
2024-10-09,Headphones,Audio,West,18,199,3351.83,CUST-8925,False
2024-10-22,Keyboard,Accessories,West,12,89,1118.36,CUST-2951,False
2024-12-24,Webcam,Accessories,North,6,129,729.8,CUST-7562,False
2024-03-23,Laptop,Computing,North,13,999,13777.57,CUST-3381,False
2024-02-15,Headphones,Audio,East,3,199,563.78,CUST-2311,False
2024-07-24,Headphones,Audio,East,20,199,4148.44,CUST-1941,False
2024-11-23,Tablet,Mobile,West,16,449,6480.99,CUST-9489,False
2024-11-02,Laptop,Computing,South,17,999,17374.25,CUST-1590,False
2024-03-21,Laptop,Computing,East,3,999,3164.64,CUST-6785,False
2024-10-27,Headphones,Audio,North,7,199,1459.01,CUST-2124,False
2024-10-13,Keyboard,Accessories,East,19,89,1639.42,CUST-5530,False
2024-08-20,Monitor,Computing,North,13,379,4691.6,CUST-7670,False
2024-09-14,Phone,Mobile,East,10,699,7614.93,CUST-9409,False
2024-12-21,Keyboard,Accessories,West,15,89,1351.87,CUST-4985,False
2024-12-14,Webcam,Accessories,North,15,129,1928.02,CUST-5224,False
2024-12-12,Monitor,Computing,East,8,379,2978.9,CUST-6785,False
2024-12-24,Laptop,Computing,South,9,999,8608.5,CUST-7536,False
2024-02-08,Mouse,Accessories,South,18,49,877.86,CUST-6792,False
2024-04-03,Keyboard,Accessories,West,7,89,652.54,CUST-4847,False
2024-04-15,Keyboard,Accessories,South,8,89,759.7,CUST-6833,False
2024-03-02,Phone,Mobile,West,3,699,2144.74,CUST-9871,False
2024-07-09,Webcam,Accessories,East,20,129,2576.05,CUST-5501,False
2024-07-22,Keyboard,Accessories,South,8,89,648.51,CUST-7933,False
2024-09-14,Laptop,Computing,West,12,999,12852.1,CUST-3863,False
2024-12-23,Phone,Mobile,West,17,699,11444.88,CUST-1137,True
2024-07-13,Monitor,Computing,North,19,379,6949.59,CUST-5254,False
2024-05-01,Keyboard,Accessories,West,9,89,874.46,CUST-6621,False
2024-08-05,Webcam,Accessories,West,7,129,939.25,CUST-7099,False
2024-05-23,Headphones,Audio,South,15,199,3027.63,CUST-4744,False
2024-04-30,Keyboard,Accessories,West,18,89,1716.16,CUST-4212,False
2024-08-30,Tablet,Mobile,South,1,449,441.95,CUST-3203,False
2024-09-06,Mouse,Accessories,East,10,49,496.09,CUST-1781,False
2024-01-31,Tablet,Mobile,East,7,449,3128.25,CUST-2577,False
2024-05-13,Mouse,Accessories,East,12,49,595.1,CUST-5222,False
2024-03-03,Headphones,Audio,South,12,199,2424.71,CUST-9821,False
2024-06-30,Keyboard,Accessories,West,11,89,1032.79,CUST-8322,False
2024-11-10,Headphones,Audio,West,10,199,2042.42,CUST-3373,False
2024-08-03,Mouse,Accessories,West,20,49,1048.38,CUST-2168,False
2024-04-26,Mouse,Accessories,East,11,49,555.49,CUST-5382,False
2024-05-18,Headphones,Audio,East,15,199,3132.99,CUST-9535,False
2024-03-26,Headphones,Audio,North,6,199,1104.46,CUST-4844,False
2024-04-17,Phone,Mobile,West,6,699,3861.0,CUST-2045,False
2024-10-07,Webcam,Accessories,North,2,129,271.98,CUST-9584,False
2024-02-23,Phone,Mobile,South,9,699,5767.98,CUST-7387,False
2024-05-25,Monitor,Computing,South,15,379,5265.76,CUST-3795,True
2024-06-15,Mouse,Accessories,West,16,49,858.48,CUST-9856,False
2024-03-10,Webcam,Accessories,South,18,129,2364.18,CUST-8480,False
2024-09-25,Headphones,Audio,East,18,199,3874.95,CUST-8891,False
2024-08-14,Phone,Mobile,East,10,699,6867.26,CUST-3551,False
2024-09-24,Laptop,Computing,East,5,999,4781.98,CUST-9767,True
2024-09-01,Webcam,Accessories,North,10,129,1358.59,CUST-5799,False
2024-10-07,Laptop,Computing,South,12,999,11776.38,CUST-8161,False
2024-11-26,Tablet,Mobile,West,13,449,5510.82,CUST-2297,False
2024-09-21,Monitor,Computing,East,20,379,7253.57,CUST-9715,False
2024-04-06,Headphones,Audio,South,3,199,553.61,CUST-2808,False
2024-05-19,Webcam,Accessories,West,20,129,2418.9,CUST-1317,False
2024-04-05,Laptop,Computing,East,4,999,3811.54,CUST-8183,False
2024-02-16,Monitor,Computing,North,5,379,1892.57,CUST-6601,False
2024-07-09,Webcam,Accessories,North,15,129,1869.31,CUST-3393,False
2024-02-06,Headphones,Audio,West,18,199,3353.9,CUST-5097,False
2024-03-03,Laptop,Computing,West,8,999,8425.53,CUST-8257,False
2024-04-11,Laptop,Computing,North,15,999,15048.35,CUST-4415,False
2024-06-14,Keyboard,Accessories,North,6,89,560.14,CUST-9534,False
2024-11-22,Webcam,Accessories,South,10,129,1253.99,CUST-1853,False
2024-02-27,Monitor,Computing,West,8,379,2925.58,CUST-3742,False
2024-07-21,Phone,Mobile,North,8,699,6116.34,CUST-8786,False
2024-07-09,Tablet,Mobile,South,3,449,1254.78,CUST-2497,False
2024-11-16,Mouse,Accessories,North,2,49,95.17,CUST-3521,False
2024-03-05,Phone,Mobile,South,16,699,10774.08,CUST-6690,False
2024-04-08,Webcam,Accessories,West,1,129,125.34,CUST-3207,False
2024-09-05,Laptop,Computing,East,15,999,15113.07,CUST-9029,False
2024-10-05,Tablet,Mobile,East,12,449,5638.44,CUST-5510,False
2024-02-05,Tablet,Mobile,South,17,449,7555.73,CUST-5314,False
2024-01-01,Webcam,Accessories,West,17,129,2295.48,CUST-1306,False
2024-11-13,Mouse,Accessories,East,8,49,409.33,CUST-9830,False
2024-09-25,Monitor,Computing,South,16,379,6201.09,CUST-6285,False
2024-02-26,Mouse,Accessories,North,4,49,178.12,CUST-3126,False
2024-04-13,Laptop,Computing,West,4,999,3749.54,CUST-1521,False
2024-12-02,Headphones,Audio,East,16,199,2896.86,CUST-4616,False
2024-01-07,Phone,Mobile,West,7,699,5312.24,CUST-2310,False
2024-07-03,Laptop,Computing,West,18,999,19140.14,CUST-1955,False
2024-09-27,Keyboard,Accessories,North,2,89,189.91,CUST-2276,False
2024-02-21,Phone,Mobile,West,8,699,5244.69,CUST-9621,False
2024-10-12,Tablet,Mobile,West,18,449,8479.81,CUST-6864,False
2024-02-23,Headphones,Audio,South,6,199,1205.93,CUST-9268,False
2024-09-30,Tablet,Mobile,West,20,449,9758.6,CUST-6163,False
2024-07-09,Mouse,Accessories,West,14,49,730.75,CUST-6299,False
2024-07-11,Monitor,Computing,East,18,379,6631.0,CUST-8412,False
2024-01-01,Headphones,Audio,East,2,199,405.62,CUST-9480,False
2024-01-04,Keyboard,Accessories,South,10,89,839.24,CUST-6159,True
2024-10-10,Keyboard,Accessories,South,17,89,1390.23,CUST-8542,False
2024-05-15,Tablet,Mobile,South,12,449,5100.27,CUST-5920,False
2024-10-18,Headphones,Audio,North,7,199,1455.29,CUST-8905,False
2024-10-31,Phone,Mobile,North,10,699,7312.64,CUST-7251,False
2024-06-20,Laptop,Computing,West,12,999,11787.85,CUST-2974,False
2024-11-30,Monitor,Computing,North,20,379,7782.97,CUST-7266,False
2024-06-12,Laptop,Computing,South,18,999,17359.22,CUST-4617,False
2024-08-16,Headphones,Audio,North,20,199,3758.78,CUST-5747,False
2024-03-08,Tablet,Mobile,North,11,449,4915.15,CUST-1807,False
2024-02-13,Keyboard,Accessories,West,13,89,1220.36,CUST-3136,False
2024-10-13,Webcam,Accessories,West,7,129,884.09,CUST-4212,False
2024-05-04,Monitor,Computing,East,3,379,1199.94,CUST-6298,False
2024-02-27,Phone,Mobile,West,14,699,9522.3,CUST-4120,False
2024-06-05,Laptop,Computing,East,6,999,6133.33,CUST-8245,False
2024-01-23,Webcam,Accessories,South,8,129,1070.26,CUST-3555,False
2024-02-27,Phone,Mobile,South,2,699,1523.52,CUST-3419,False
2024-01-08,Keyboard,Accessories,North,11,89,940.84,CUST-8719,True
2024-10-02,Monitor,Computing,South,7,379,2677.63,CUST-5237,False
2024-12-21,Tablet,Mobile,West,1,449,456.45,CUST-9631,True
2024-01-31,Tablet,Mobile,South,10,449,4749.69,CUST-5444,False
2024-02-04,Laptop,Computing,East,13,999,13410.33,CUST-6901,False
2024-05-29,Laptop,Computing,South,13,999,14233.21,CUST-9331,False
2024-06-10,Phone,Mobile,North,16,699,10482.58,CUST-9202,False
2024-01-21,Laptop,Computing,East,8,999,7725.98,CUST-7445,False
2024-06-26,Laptop,Computing,East,12,999,12288.25,CUST-4869,False
2024-02-01,Keyboard,Accessories,West,9,89,863.54,CUST-1482,False
2024-04-25,Keyboard,Accessories,East,5,89,480.35,CUST-3248,False
2024-09-23,Headphones,Audio,South,20,199,3914.2,CUST-3502,False
2024-11-05,Keyboard,Accessories,West,11,89,987.27,CUST-4387,False
2024-03-11,Monitor,Computing,South,10,379,3736.99,CUST-3378,False
2024-06-11,Tablet,Mobile,North,3,449,1261.91,CUST-3384,False
2024-07-30,Mouse,Accessories,East,14,49,678.18,CUST-5485,False
2024-02-24,Monitor,Computing,South,5,379,1715.43,CUST-5372,False
2024-11-01,Monitor,Computing,South,8,379,3145.63,CUST-6886,False
2024-03-09,Webcam,Accessories,West,17,129,2285.99,CUST-7126,False
2024-09-08,Headphones,Audio,South,16,199,2969.9,CUST-4707,True
2024-05-18,Laptop,Computing,South,14,999,14663.95,CUST-4323,False
2024-03-31,Phone,Mobile,West,15,699,10878.95,CUST-8496,False
2024-07-26,Headphones,Audio,West,2,199,415.53,CUST-7457,False
2024-09-23,Laptop,Computing,West,4,999,3961.55,CUST-1694,False
2024-09-22,Monitor,Computing,West,18,379,7482.14,CUST-1643,False
2024-04-07,Laptop,Computing,West,10,999,9786.28,CUST-5989,False
2024-08-24,Keyboard,Accessories,West,6,89,512.04,CUST-1893,False
2024-08-25,Tablet,Mobile,North,15,449,7034.91,CUST-2854,False
2024-07-20,Tablet,Mobile,East,14,449,6224.25,CUST-3930,False
2024-08-20,Monitor,Computing,East,3,379,1096.99,CUST-3686,False
2024-02-16,Phone,Mobile,West,4,699,2870.97,CUST-2397,False
2024-09-18,Headphones,Audio,South,20,199,3883.43,CUST-7235,True
2024-06-20,Tablet,Mobile,South,19,449,7954.52,CUST-3369,False
2024-08-02,Laptop,Computing,East,10,999,10449.86,CUST-8311,False
2024-03-01,Tablet,Mobile,South,5,449,2022.09,CUST-5146,True
2024-09-12,Webcam,Accessories,North,18,129,2372.15,CUST-9084,False
2024-08-20,Webcam,Accessories,West,14,129,1654.08,CUST-1107,False
2024-11-13,Keyboard,Accessories,South,18,89,1457.47,CUST-3429,False
2024-01-19,Mouse,Accessories,North,5,49,253.18,CUST-5889,False
2024-01-26,Phone,Mobile,West,4,699,3072.1,CUST-3643,False
2024-08-21,Tablet,Mobile,East,19,449,9267.19,CUST-2525,False
2024-07-07,Mouse,Accessories,North,13,49,669.93,CUST-2063,False
2024-03-03,Tablet,Mobile,East,9,449,4062.86,CUST-9595,False
2024-11-09,Monitor,Computing,North,2,379,768.82,CUST-9666,False
2024-12-18,Webcam,Accessories,East,20,129,2542.36,CUST-6185,False
2024-03-07,Mouse,Accessories,West,20,49,983.86,CUST-9154,False
2024-11-08,Tablet,Mobile,East,8,449,3936.3,CUST-1025,False
2024-11-16,Webcam,Accessories,South,4,129,546.92,CUST-7793,False
2024-06-28,Mouse,Accessories,South,18,49,795.79,CUST-4296,False
2024-02-04,Keyboard,Accessories,East,10,89,891.19,CUST-6307,False
2024-12-17,Phone,Mobile,East,11,699,7529.14,CUST-1477,False
2024-06-18,Monitor,Computing,West,11,379,4516.0,CUST-1582,False
2024-03-20,Webcam,Accessories,East,15,129,1920.48,CUST-7782,False
2024-09-23,Laptop,Computing,East,10,999,10100.24,CUST-1306,False
2024-06-30,Mouse,Accessories,South,3,49,140.55,CUST-1510,False
2024-11-16,Headphones,Audio,South,18,199,3632.85,CUST-7382,False
2024-06-06,Phone,Mobile,North,11,699,7337.61,CUST-2422,False
2024-07-09,Monitor,Computing,East,15,379,5362.25,CUST-5953,False
2024-01-20,Mouse,Accessories,North,7,49,339.14,CUST-1408,False
2024-04-07,Tablet,Mobile,West,11,449,5168.61,CUST-9579,False
2024-03-14,Mouse,Accessories,South,4,49,184.44,CUST-1598,False
2024-01-03,Phone,Mobile,North,10,699,7251.5,CUST-2426,False
2024-02-22,Laptop,Computing,East,17,999,15361.06,CUST-6114,False
2024-06-13,Monitor,Computing,South,7,379,2539.75,CUST-9720,False
2024-12-09,Webcam,Accessories,East,4,129,479.81,CUST-5483,False
2024-04-15,Phone,Mobile,East,18,699,12706.22,CUST-5440,False
2024-10-20,Keyboard,Accessories,South,8,89,650.94,CUST-6549,False
2024-03-07,Laptop,Computing,West,1,999,1079.58,CUST-1826,False
2024-02-14,Laptop,Computing,West,14,999,13088.05,CUST-8304,False
2024-06-19,Keyboard,Accessories,North,7,89,682.02,CUST-8629,False
2024-12-23,Phone,Mobile,North,15,699,10391.86,CUST-8625,False
2024-03-14,Monitor,Computing,East,20,379,8205.9,CUST-7423,False
2024-06-15,Mouse,Accessories,West,15,49,665.95,CUST-8787,False
2024-08-24,Webcam,Accessories,East,6,129,815.48,CUST-3087,False
2024-02-24,Headphones,Audio,North,11,199,2317.03,CUST-9728,False
2024-05-02,Headphones,Audio,South,20,199,4018.17,CUST-8903,False
2024-04-16,Mouse,Accessories,West,19,49,983.94,CUST-8132,False
2024-10-05,Mouse,Accessories,South,8,49,404.75,CUST-2276,False
2024-02-28,Webcam,Accessories,West,19,129,2365.4,CUST-2599,False
2024-06-06,Tablet,Mobile,North,13,449,5951.71,CUST-7208,False
2024-02-16,Laptop,Computing,South,7,999,7534.62,CUST-1003,False
2024-08-19,Tablet,Mobile,East,18,449,7904.17,CUST-8326,False
2024-06-02,Mouse,Accessories,East,19,49,1008.93,CUST-8122,False
2024-02-15,Mouse,Accessories,North,19,49,951.76,CUST-9362,False
2024-05-30,Tablet,Mobile,East,2,449,970.03,CUST-1870,True
2024-02-26,Mouse,Accessories,North,10,49,464.05,CUST-7459,False
2024-07-26,Headphones,Audio,West,13,199,2610.34,CUST-3841,False
2024-10-11,Monitor,Computing,East,13,379,5262.0,CUST-3527,False
2024-03-09,Tablet,Mobile,North,1,449,462.33,CUST-3359,False
2024-12-02,Webcam,Accessories,South,14,129,1655.98,CUST-7813,False
2024-11-15,Headphones,Audio,West,6,199,1196.25,CUST-8373,False
2024-04-05,Monitor,Computing,North,14,379,5388.71,CUST-4878,False
2024-07-29,Keyboard,Accessories,East,18,89,1452.52,CUST-1620,False
2024-02-27,Mouse,Accessories,West,19,49,1016.98,CUST-2311,False
2024-08-26,Keyboard,Accessories,North,17,89,1520.07,CUST-2449,False
2024-12-16,Phone,Mobile,East,18,699,12866.45,CUST-6628,False
2024-08-28,Laptop,Computing,West,15,999,15206.67,CUST-6431,False
2024-05-28,Keyboard,Accessories,North,6,89,554.83,CUST-5981,False
2024-02-01,Keyboard,Accessories,South,16,89,1444.75,CUST-5780,False
2024-05-26,Laptop,Computing,North,16,999,14791.02,CUST-2259,False
2024-05-09,Keyboard,Accessories,East,5,89,424.99,CUST-5209,True
2024-11-05,Phone,Mobile,South,6,699,4327.5,CUST-7058,False
2024-12-24,Keyboard,Accessories,West,8,89,666.55,CUST-9640,False
2024-02-13,Mouse,Accessories,South,5,49,261.54,CUST-7765,False
2024-12-04,Monitor,Computing,South,15,379,5356.24,CUST-6653,False
2024-02-29,Keyboard,Accessories,South,2,89,176.72,CUST-8802,False
2024-07-13,Monitor,Computing,West,13,379,4693.09,CUST-9690,False
2024-05-27,Laptop,Computing,West,15,999,15519.94,CUST-9687,False
2024-02-19,Laptop,Computing,East,18,999,19622.62,CUST-8074,False
2024-06-20,Keyboard,Accessories,East,9,89,849.43,CUST-5183,False
2024-08-24,Headphones,Audio,South,8,199,1598.35,CUST-3947,False
2024-12-10,Laptop,Computing,North,1,999,901.49,CUST-2600,False
2024-06-28,Webcam,Accessories,East,8,129,980.79,CUST-1557,True
2024-01-30,Phone,Mobile,South,20,699,15239.57,CUST-2995,False
2024-02-14,Phone,Mobile,South,20,699,13633.18,CUST-4027,False
2024-05-09,Tablet,Mobile,West,10,449,4634.11,CUST-2240,False
2024-08-06,Keyboard,Accessories,East,11,89,912.81,CUST-2212,False
2024-07-14,Laptop,Computing,East,13,999,14275.2,CUST-5230,False
2024-04-01,Keyboard,Accessories,North,15,89,1332.79,CUST-4287,False
2024-11-26,Tablet,Mobile,North,16,449,6672.32,CUST-8065,False
2024-08-14,Phone,Mobile,North,9,699,5705.76,CUST-2153,False
2024-08-16,Keyboard,Accessories,West,1,89,82.75,CUST-1014,False
2024-05-16,Headphones,Audio,East,5,199,1075.52,CUST-1060,False
2024-09-01,Webcam,Accessories,West,14,129,1930.27,CUST-2148,False
2024-07-15,Laptop,Computing,North,16,999,16198.97,CUST-6880,False
2024-07-24,Keyboard,Accessories,North,2,89,173.21,CUST-6571,False
2024-05-28,Webcam,Accessories,South,7,129,912.84,CUST-7294,False
2024-12-22,Keyboard,Accessories,North,13,89,1187.22,CUST-6886,False
2024-04-07,Webcam,Accessories,North,5,129,605.41,CUST-4907,False
2024-10-03,Phone,Mobile,West,10,699,7037.45,CUST-8361,False
2024-01-19,Laptop,Computing,North,11,999,10632.34,CUST-1701,False
2024-11-30,Monitor,Computing,West,17,379,7010.1,CUST-9791,False
2024-02-06,Monitor,Computing,South,2,379,756.32,CUST-1312,False
2024-05-04,Laptop,Computing,North,5,999,4667.58,CUST-1818,False
2024-08-21,Phone,Mobile,South,20,699,14917.64,CUST-2047,False
2024-02-28,Phone,Mobile,South,16,699,10206.76,CUST-4320,False
2024-06-15,Headphones,Audio,South,4,199,767.6,CUST-4493,False
2024-06-20,Tablet,Mobile,North,3,449,1286.09,CUST-7801,False
2024-10-10,Mouse,Accessories,West,6,49,278.93,CUST-1666,False
2024-03-21,Headphones,Audio,West,1,199,182.31,CUST-1118,False
2024-12-27,Phone,Mobile,East,19,699,13058.47,CUST-8798,False
2024-03-14,Monitor,Computing,West,9,379,3350.99,CUST-3859,False
2024-11-01,Laptop,Computing,West,6,999,6128.33,CUST-2442,False
2024-06-27,Keyboard,Accessories,North,14,89,1260.38,CUST-4144,False
2024-11-12,Phone,Mobile,South,12,699,8327.97,CUST-4409,False
2024-02-27,Monitor,Computing,West,5,379,1894.06,CUST-3617,False
2024-01-28,Laptop,Computing,East,12,999,11291.71,CUST-5118,False
2024-01-23,Webcam,Accessories,North,4,129,559.85,CUST-3881,False
2024-09-05,Laptop,Computing,North,17,999,15525.38,CUST-4855,False
2024-08-02,Mouse,Accessories,East,7,49,324.48,CUST-2804,False
2024-05-01,Phone,Mobile,South,14,699,9542.39,CUST-4615,False
2024-01-28,Webcam,Accessories,South,14,129,1703.48,CUST-8454,False
2024-03-10,Mouse,Accessories,South,15,49,754.41,CUST-5418,False
2024-01-17,Tablet,Mobile,North,19,449,8156.67,CUST-2820,False
2024-08-02,Webcam,Accessories,East,6,129,730.63,CUST-5835,False
2024-10-22,Tablet,Mobile,South,18,449,7413.58,CUST-9548,False
2024-10-29,Monitor,Computing,West,16,379,5796.18,CUST-8014,False
2024-05-06,Monitor,Computing,West,11,379,4235.26,CUST-3440,False
2024-08-01,Laptop,Computing,North,2,999,2194.31,CUST-9261,True
2024-09-02,Headphones,Audio,West,4,199,795.25,CUST-2361,False
2024-12-20,Laptop,Computing,South,14,999,12958.62,CUST-5846,False
2024-01-09,Phone,Mobile,East,16,699,10427.52,CUST-8524,False
2024-08-20,Laptop,Computing,South,15,999,16106.47,CUST-7641,False
2024-11-16,Mouse,Accessories,North,15,49,787.98,CUST-2158,False
2024-09-28,Mouse,Accessories,East,2,49,96.55,CUST-5420,False
2024-12-16,Monitor,Computing,East,3,379,1190.61,CUST-1898,False
2024-01-27,Mouse,Accessories,West,4,49,190.73,CUST-1669,False
2024-11-27,Tablet,Mobile,North,18,449,8180.21,CUST-4354,False
2024-05-02,Mouse,Accessories,North,18,49,908.29,CUST-4437,False
2024-06-13,Monitor,Computing,East,12,379,4551.24,CUST-7929,False
2024-07-09,Phone,Mobile,West,12,699,8364.89,CUST-9629,False
2024-12-29,Webcam,Accessories,East,18,129,2299.7,CUST-7031,False
2024-04-06,Phone,Mobile,North,15,699,9604.62,CUST-3929,False
2024-02-25,Phone,Mobile,East,6,699,3868.57,CUST-3424,False
2024-09-23,Monitor,Computing,East,1,379,372.67,CUST-9870,False
2024-06-26,Webcam,Accessories,West,14,129,1891.86,CUST-1351,False
2024-01-12,Phone,Mobile,East,8,699,5493.24,CUST-6616,False
2024-09-05,Mouse,Accessories,West,19,49,923.18,CUST-3161,False
2024-03-28,Keyboard,Accessories,South,9,89,798.48,CUST-5720,False
2024-03-16,Laptop,Computing,East,12,999,11882.33,CUST-3725,False
2024-12-30,Tablet,Mobile,East,18,449,7568.44,CUST-3873,False
2024-03-23,Tablet,Mobile,North,8,449,3262.36,CUST-6187,False
2024-05-13,Webcam,Accessories,South,12,129,1456.72,CUST-1568,False
2024-03-16,Mouse,Accessories,West,12,49,592.69,CUST-3663,False
2024-01-13,Phone,Mobile,West,13,699,9575.0,CUST-8504,False
2024-01-03,Tablet,Mobile,East,18,449,8320.01,CUST-5842,False
2024-10-20,Keyboard,Accessories,West,5,89,430.64,CUST-2840,False
2024-03-12,Laptop,Computing,North,18,999,17291.79,CUST-7580,False
2024-08-16,Monitor,Computing,North,12,379,4390.06,CUST-4197,False
2024-05-22,Monitor,Computing,North,7,379,2432.05,CUST-8298,False
2024-09-19,Phone,Mobile,South,13,699,9069.67,CUST-9381,False
2024-07-22,Mouse,Accessories,West,5,49,238.61,CUST-7108,True
2024-06-28,Mouse,Accessories,West,10,49,526.68,CUST-2435,False
2024-07-31,Webcam,Accessories,East,15,129,1804.89,CUST-7944,False
2024-03-12,Headphones,Audio,North,19,199,3511.52,CUST-5968,False
2024-02-03,Mouse,Accessories,West,19,49,854.37,CUST-7708,False
2024-07-31,Keyboard,Accessories,West,6,89,556.45,CUST-3243,False
2024-05-28,Headphones,Audio,West,18,199,3254.06,CUST-5947,False
2024-09-09,Keyboard,Accessories,West,18,89,1513.74,CUST-1040,False
2024-11-23,Keyboard,Accessories,North,16,89,1467.81,CUST-5713,False
2024-12-18,Webcam,Accessories,North,8,129,953.43,CUST-5541,False
2024-11-02,Phone,Mobile,West,12,699,8498.01,CUST-5225,False
2024-12-21,Webcam,Accessories,East,4,129,517.29,CUST-1287,False
2024-10-24,Tablet,Mobile,South,2,449,865.61,CUST-3219,False
2024-05-19,Laptop,Computing,West,12,999,12314.67,CUST-6832,True
2024-09-28,Keyboard,Accessories,South,3,89,281.23,CUST-4002,False
2024-10-05,Tablet,Mobile,East,11,449,5261.83,CUST-5932,False
2024-02-19,Mouse,Accessories,East,18,49,939.03,CUST-1211,False
2024-07-09,Keyboard,Accessories,West,16,89,1378.52,CUST-3671,False
2024-09-14,Tablet,Mobile,South,8,449,3804.0,CUST-9612,False
2024-08-01,Phone,Mobile,North,15,699,9680.94,CUST-3150,False
2024-06-27,Webcam,Accessories,East,10,129,1196.87,CUST-8240,False
2024-03-29,Mouse,Accessories,North,10,49,513.96,CUST-2943,False
2024-12-18,Tablet,Mobile,East,8,449,3322.85,CUST-3133,False
2024-12-19,Headphones,Audio,North,4,199,719.39,CUST-8934,False
2024-04-10,Laptop,Computing,North,4,999,4230.21,CUST-9412,False
2024-03-01,Webcam,Accessories,North,9,129,1060.28,CUST-1168,False
2024-11-04,Phone,Mobile,South,7,699,4584.53,CUST-6759,True
2024-05-22,Tablet,Mobile,East,19,449,8278.83,CUST-9202,False
2024-09-15,Monitor,Computing,North,19,379,6623.63,CUST-1229,False
2024-05-24,Monitor,Computing,North,6,379,2489.38,CUST-2616,False
2024-07-06,Webcam,Accessories,South,19,129,2421.42,CUST-2758,False
2024-07-13,Mouse,Accessories,South,14,49,687.96,CUST-7677,False
2024-03-04,Mouse,Accessories,North,15,49,737.9,CUST-9123,False
2024-10-12,Keyboard,Accessories,North,2,89,171.88,CUST-2895,False
2024-11-03,Webcam,Accessories,West,10,129,1219.28,CUST-7672,False
2024-04-06,Headphones,Audio,West,3,199,649.43,CUST-7020,False
2024-12-10,Webcam,Accessories,West,4,129,509.61,CUST-2392,False
2024-07-24,Headphones,Audio,North,19,199,3963.57,CUST-3764,False
2024-06-22,Monitor,Computing,West,7,379,2452.84,CUST-7958,False
2024-10-24,Keyboard,Accessories,East,19,89,1777.68,CUST-7557,False
2024-09-05,Headphones,Audio,East,17,199,3144.41,CUST-8448,False
2024-09-07,Keyboard,Accessories,South,16,89,1460.56,CUST-3205,True
2024-02-04,Laptop,Computing,North,16,999,17493.12,CUST-7269,False
2024-03-19,Mouse,Accessories,North,10,49,515.5,CUST-9518,False
2024-04-13,Webcam,Accessories,West,10,129,1287.48,CUST-5287,False
2024-01-17,Laptop,Computing,North,14,999,13660.49,CUST-6153,False
2024-08-23,Webcam,Accessories,North,2,129,241.33,CUST-5965,False
2024-09-08,Tablet,Mobile,South,14,449,6050.22,CUST-7374,False
2024-10-18,Phone,Mobile,West,16,699,11130.12,CUST-3560,False
2024-05-14,Headphones,Audio,West,16,199,3258.47,CUST-6779,False
2024-06-13,Keyboard,Accessories,North,2,89,181.22,CUST-3100,False
2024-10-25,Mouse,Accessories,East,1,49,47.83,CUST-8014,False
2024-07-29,Mouse,Accessories,North,12,49,606.96,CUST-5056,False
2024-10-30,Keyboard,Accessories,North,3,89,286.7,CUST-2875,False
2024-10-02,Laptop,Computing,North,11,999,10903.09,CUST-7921,False
2024-05-16,Headphones,Audio,West,1,199,202.5,CUST-6185,False
2024-06-14,Headphones,Audio,North,19,199,4014.16,CUST-2639,False
2024-06-21,Monitor,Computing,East,16,379,5659.69,CUST-5907,False
2024-04-13,Headphones,Audio,North,16,199,3400.75,CUST-9779,False
2024-01-25,Keyboard,Accessories,West,10,89,944.22,CUST-2506,False
2024-10-30,Phone,Mobile,East,11,699,7023.55,CUST-9700,False
2024-06-26,Monitor,Computing,East,3,379,1138.06,CUST-5913,False
2024-04-12,Mouse,Accessories,West,14,49,651.87,CUST-9443,False
2024-01-10,Tablet,Mobile,South,17,449,7750.31,CUST-4489,False
2024-05-17,Webcam,Accessories,West,18,129,2523.84,CUST-1981,False
2024-08-24,Mouse,Accessories,South,5,49,227.87,CUST-5919,False
2024-06-12,Headphones,Audio,South,3,199,638.31,CUST-5373,False
2024-05-11,Tablet,Mobile,South,20,449,8810.94,CUST-2860,False
2024-05-05,Laptop,Computing,West,10,999,9960.79,CUST-8145,False
2024-04-13,Laptop,Computing,East,6,999,5558.15,CUST-5233,False
2024-12-03,Keyboard,Accessories,South,18,89,1648.23,CUST-1691,False
2024-01-11,Webcam,Accessories,North,2,129,248.4,CUST-5882,False
2024-07-05,Headphones,Audio,West,3,199,649.91,CUST-3302,False
2024-09-24,Phone,Mobile,East,19,699,13271.57,CUST-2478,False
2024-06-09,Phone,Mobile,West,11,699,8159.32,CUST-4865,False
2024-03-14,Monitor,Computing,South,4,379,1429.32,CUST-5498,False
2024-10-28,Keyboard,Accessories,West,2,89,179.19,CUST-2850,False
2024-08-31,Headphones,Audio,East,8,199,1712.81,CUST-3374,False
2024-06-06,Mouse,Accessories,North,1,49,52.35,CUST-1895,False
2024-05-09,Monitor,Computing,West,18,379,6561.77,CUST-6945,False
2024-09-30,Phone,Mobile,West,8,699,5467.27,CUST-7438,False
2024-06-03,Keyboard,Accessories,South,3,89,256.18,CUST-3625,False
